facility_id,facility_name,address,citytown,state,zip_code,countyparish,telephone_number,measure_id,measure_name,compared_to_national,denominator,score,lower_estimate,higher_estimate,number_of_patients,number_of_patients_returned,footnote,start_date,end_date
440006,TRISTAR SKYLINE MEDICAL CENTER,3441 DICKERSON PIKE,NASHVILLE,TN,37207,DAVIDSON,(615) 769-2000,EDAC_30_AMI,Hospital return days for heart attack patients,Number of Cases Too Small,Not Available,Not Available,Not Available,Not Available,Not Available,Not Available,1,7/1/2019,6/30/2022
440006,TRISTAR SKYLINE MEDICAL CENTER,3441 DICKERSON PIKE,NASHVILLE,TN,37207,DAVIDSON,(615) 769-2000,EDAC_30_HF,Hospital return days for heart failure patients,Average Days per 100 Discharges,218,24.3,-0.1,53.2,178,63,,7/1/2019,6/30/2022
440006,TRISTAR SKYLINE MEDICAL CENTER,3441 DICKERSON PIKE,NASHVILLE,TN,37207,DAVIDSON,(615) 769-2000,EDAC_30_PN,Hospital return days for pneumonia patients,Average Days per 100 Discharges,338,19.3,-1,42.4,314,86,,7/1/2019,6/30/2022
440006,TRISTAR SKYLINE MEDICAL CENTER,3441 DICKERSON PIKE,NASHVILLE,TN,37207,DAVIDSON,(615) 769-2000,OP_32,"Rate of unplanned hospital visits after colonoscopy (per 1,000 colonoscopies)",No Different Than the National Rate,191,13.7,9.8,19.2,Not Applicable,Not Applicable,,1/1/2019,12/31/2021
440006,TRISTAR SKYLINE MEDICAL CENTER,3441 DICKERSON PIKE,NASHVILLE,TN,37207,DAVIDSON,(615) 769-2000,OP_35_ADM,Rate of inpatient admissions for patients receiving outpatient chemotherapy,Number of Cases Too Small,Not Available,Not Available,Not Available,Not Available,Not Applicable,Not Applicable,1,1/1/2021,12/31/2021
440006,TRISTAR SKYLINE MEDICAL CENTER,3441 DICKERSON PIKE,NASHVILLE,TN,37207,DAVIDSON,(615) 769-2000,OP_35_ED,Rate of emergency department (ED) visits for patients receiving outpatient chemotherapy,Number of Cases Too Small,Not Available,Not Available,Not Available,Not Available,Not Applicable,Not Applicable,1,1/1/2021,12/31/2021
440006,TRISTAR SKYLINE MEDICAL CENTER,3441 DICKERSON PIKE,NASHVILLE,TN,37207,DAVIDSON,(615) 769-2000,OP_36,Ratio of unplanned hospital visits after hospital outpatient surgery,No Different than expected,133,1.2,0.8,1.6,Not Applicable,Not Applicable,,1/1/2021,12/31/2021
440006,TRISTAR SKYLINE MEDICAL CENTER,3441 DICKERSON PIKE,NASHVILLE,TN,37207,DAVIDSON,(615) 769-2000,READM_30_AMI,Acute Myocardial Infarction (AMI) 30-Day Readmission Rate,No Different Than the National Rate,47,15.2,12,19.1,Not Applicable,Not Applicable,,7/1/2019,6/30/2022
440006,TRISTAR SKYLINE MEDICAL CENTER,3441 DICKERSON PIKE,NASHVILLE,TN,37207,DAVIDSON,(615) 769-2000,READM_30_CABG,Rate of readmission for CABG,Number of Cases Too Small,Not Available,Not Available,Not Available,Not Available,Not Applicable,Not Applicable,1,7/1/2019,6/30/2022
440006,TRISTAR SKYLINE MEDICAL CENTER,3441 DICKERSON PIKE,NASHVILLE,TN,37207,DAVIDSON,(615) 769-2000,READM_30_COPD,Rate of readmission for chronic obstructive pulmonary disease (COPD) patients,No Different Than the National Rate,92,19.8,16.2,23.7,Not Applicable,Not Applicable,,7/1/2019,6/30/2022
440006,TRISTAR SKYLINE MEDICAL CENTER,3441 DICKERSON PIKE,NASHVILLE,TN,37207,DAVIDSON,(615) 769-2000,READM_30_HF,Heart failure (HF) 30-Day Readmission Rate,No Different Than the National Rate,218,22.2,18.8,25.6,Not Applicable,Not Applicable,,7/1/2019,6/30/2022
440006,TRISTAR SKYLINE MEDICAL CENTER,3441 DICKERSON PIKE,NASHVILLE,TN,37207,DAVIDSON,(615) 769-2000,READM_30_HIP_KNEE,Rate of readmission after hip/knee replacement,No Different Than the National Rate,40,4.3,2.7,6.8,Not Applicable,Not Applicable,,7/1/2019,6/30/2022
440006,TRISTAR SKYLINE MEDICAL CENTER,3441 DICKERSON PIKE,NASHVILLE,TN,37207,DAVIDSON,(615) 769-2000,READM_30_HOSP_WIDE,Rate of readmission after discharge from hospital (hospital-wide),No Different Than the National Rate,2089,15.9,14.6,17,Not Applicable,Not Applicable,,7/1/2021,6/30/2022
440006,TRISTAR SKYLINE MEDICAL CENTER,3441 DICKERSON PIKE,NASHVILLE,TN,37207,DAVIDSON,(615) 769-2000,READM_30_PN,Pneumonia (PN) 30-Day Readmission Rate,No Different Than the National Rate,338,17.2,14.8,19.8,Not Applicable,Not Applicable,,7/1/2019,6/30/2022
440039,VANDERBILT UNIVERSITY MEDICAL CENTER,1211 MEDICAL CENTER DRIVE,NASHVILLE,TN,37232,DAVIDSON,(615) 322-3454,EDAC_30_AMI,Hospital return days for heart attack patients,More Days Than Average per 100 Discharges,291,35.9,15.2,60.1,287,77,,7/1/2019,6/30/2022
440039,VANDERBILT UNIVERSITY MEDICAL CENTER,1211 MEDICAL CENTER DRIVE,NASHVILLE,TN,37232,DAVIDSON,(615) 322-3454,EDAC_30_HF,Hospital return days for heart failure patients,Fewer Days Than Average per 100 Discharges,738,-20.4,-35.7,-4.2,607,172,,7/1/2019,6/30/2022
440039,VANDERBILT UNIVERSITY MEDICAL CENTER,1211 MEDICAL CENTER DRIVE,NASHVILLE,TN,37232,DAVIDSON,(615) 322-3454,EDAC_30_PN,Hospital return days for pneumonia patients,Average Days per 100 Discharges,312,5.2,-15.9,28.6,295,83,,7/1/2019,6/30/2022
440039,VANDERBILT UNIVERSITY MEDICAL CENTER,1211 MEDICAL CENTER DRIVE,NASHVILLE,TN,37232,DAVIDSON,(615) 322-3454,OP_32,"Rate of unplanned hospital visits after colonoscopy (per 1,000 colonoscopies)",No Different Than the National Rate,2723,16,12.8,19.8,Not Applicable,Not Applicable,,1/1/2019,12/31/2021
440039,VANDERBILT UNIVERSITY MEDICAL CENTER,1211 MEDICAL CENTER DRIVE,NASHVILLE,TN,37232,DAVIDSON,(615) 322-3454,OP_35_ADM,Rate of inpatient admissions for patients receiving outpatient chemotherapy,Worse Than the National Rate,1281,12.5,10.9,14.3,Not Applicable,Not Applicable,,1/1/2021,12/31/2021
440039,VANDERBILT UNIVERSITY MEDICAL CENTER,1211 MEDICAL CENTER DRIVE,NASHVILLE,TN,37232,DAVIDSON,(615) 322-3454,OP_35_ED,Rate of emergency department (ED) visits for patients receiving outpatient chemotherapy,No Different Than the National Rate,1281,5.6,4.6,6.8,Not Applicable,Not Applicable,,1/1/2021,12/31/2021
440039,VANDERBILT UNIVERSITY MEDICAL CENTER,1211 MEDICAL CENTER DRIVE,NASHVILLE,TN,37232,DAVIDSON,(615) 322-3454,OP_36,Ratio of unplanned hospital visits after hospital outpatient surgery,Better than expected,2848,0.7,0.6,0.9,Not Applicable,Not Applicable,,1/1/2021,12/31/2021
440039,VANDERBILT UNIVERSITY MEDICAL CENTER,1211 MEDICAL CENTER DRIVE,NASHVILLE,TN,37232,DAVIDSON,(615) 322-3454,READM_30_AMI,Acute Myocardial Infarction (AMI) 30-Day Readmission Rate,No Different Than the National Rate,291,15.4,12.8,18.1,Not Applicable,Not Applicable,,7/1/2019,6/30/2022
440039,VANDERBILT UNIVERSITY MEDICAL CENTER,1211 MEDICAL CENTER DRIVE,NASHVILLE,TN,37232,DAVIDSON,(615) 322-3454,READM_30_CABG,Rate of readmission for CABG,No Different Than the National Rate,243,11.1,8.6,14.1,Not Applicable,Not Applicable,,7/1/2019,6/30/2022
440039,VANDERBILT UNIVERSITY MEDICAL CENTER,1211 MEDICAL CENTER DRIVE,NASHVILLE,TN,37232,DAVIDSON,(615) 322-3454,READM_30_COPD,Rate of readmission for chronic obstructive pulmonary disease (COPD) patients,No Different Than the National Rate,125,19.2,15.8,23.2,Not Applicable,Not Applicable,,7/1/2019,6/30/2022
440039,VANDERBILT UNIVERSITY MEDICAL CENTER,1211 MEDICAL CENTER DRIVE,NASHVILLE,TN,37232,DAVIDSON,(615) 322-3454,READM_30_HF,Heart failure (HF) 30-Day Readmission Rate,Better Than the National Rate,738,17.4,15.4,19.7,Not Applicable,Not Applicable,,7/1/2019,6/30/2022
440039,VANDERBILT UNIVERSITY MEDICAL CENTER,1211 MEDICAL CENTER DRIVE,NASHVILLE,TN,37232,DAVIDSON,(615) 322-3454,READM_30_HIP_KNEE,Rate of readmission after hip/knee replacement,No Different Than the National Rate,349,3.3,2.3,4.7,Not Applicable,Not Applicable,,7/1/2019,6/30/2022
440039,VANDERBILT UNIVERSITY MEDICAL CENTER,1211 MEDICAL CENTER DRIVE,NASHVILLE,TN,37232,DAVIDSON,(615) 322-3454,READM_30_HOSP_WIDE,Rate of readmission after discharge from hospital (hospital-wide),No Different Than the National Rate,6455,14.6,14,15.3,Not Applicable,Not Applicable,,7/1/2021,6/30/2022
440039,VANDERBILT UNIVERSITY MEDICAL CENTER,1211 MEDICAL CENTER DRIVE,NASHVILLE,TN,37232,DAVIDSON,(615) 322-3454,READM_30_PN,Pneumonia (PN) 30-Day Readmission Rate,No Different Than the National Rate,312,17.2,14.7,19.8,Not Applicable,Not Applicable,,7/1/2019,6/30/2022
440082,ASCENSION SAINT THOMAS HOSPITAL,"4220 HARDING RD, PO BOX 380",NASHVILLE,TN,37205,DAVIDSON,(615) 222-2111,EDAC_30_AMI,Hospital return days for heart attack patients,Average Days per 100 Discharges,810,7.4,-3.4,18.8,783,214,,7/1/2019,6/30/2022
440082,ASCENSION SAINT THOMAS HOSPITAL,"4220 HARDING RD, PO BOX 380",NASHVILLE,TN,37205,DAVIDSON,(615) 222-2111,EDAC_30_HF,Hospital return days for heart failure patients,Fewer Days Than Average per 100 Discharges,1245,-17.4,-28.3,-6.2,1037,322,,7/1/2019,6/30/2022
440082,ASCENSION SAINT THOMAS HOSPITAL,"4220 HARDING RD, PO BOX 380",NASHVILLE,TN,37205,DAVIDSON,(615) 222-2111,EDAC_30_PN,Hospital return days for pneumonia patients,Average Days per 100 Discharges,611,-3.4,-17,12.1,573,137,,7/1/2019,6/30/2022
440082,ASCENSION SAINT THOMAS HOSPITAL,"4220 HARDING RD, PO BOX 380",NASHVILLE,TN,37205,DAVIDSON,(615) 222-2111,OP_32,"Rate of unplanned hospital visits after colonoscopy (per 1,000 colonoscopies)",No Different Than the National Rate,227,14.9,10.4,20.9,Not Applicable,Not Applicable,,1/1/2019,12/31/2021
440082,ASCENSION SAINT THOMAS HOSPITAL,"4220 HARDING RD, PO BOX 380",NASHVILLE,TN,37205,DAVIDSON,(615) 222-2111,OP_35_ADM,Rate of inpatient admissions for patients receiving outpatient chemotherapy,No Different Than the National Rate,38,9,5.9,13.4,Not Applicable,Not Applicable,,1/1/2021,12/31/2021
440082,ASCENSION SAINT THOMAS HOSPITAL,"4220 HARDING RD, PO BOX 380",NASHVILLE,TN,37205,DAVIDSON,(615) 222-2111,OP_35_ED,Rate of emergency department (ED) visits for patients receiving outpatient chemotherapy,No Different Than the National Rate,38,5,3.1,8.1,Not Applicable,Not Applicable,,1/1/2021,12/31/2021
440082,ASCENSION SAINT THOMAS HOSPITAL,"4220 HARDING RD, PO BOX 380",NASHVILLE,TN,37205,DAVIDSON,(615) 222-2111,OP_36,Ratio of unplanned hospital visits after hospital outpatient surgery,No Different than expected,1168,1,0.8,1.2,Not Applicable,Not Applicable,,1/1/2021,12/31/2021
440082,ASCENSION SAINT THOMAS HOSPITAL,"4220 HARDING RD, PO BOX 380",NASHVILLE,TN,37205,DAVIDSON,(615) 222-2111,READM_30_AMI,Acute Myocardial Infarction (AMI) 30-Day Readmission Rate,No Different Than the National Rate,810,14.8,13,16.9,Not Applicable,Not Applicable,,7/1/2019,6/30/2022
440082,ASCENSION SAINT THOMAS HOSPITAL,"4220 HARDING RD, PO BOX 380",NASHVILLE,TN,37205,DAVIDSON,(615) 222-2111,READM_30_CABG,Rate of readmission for CABG,No Different Than the National Rate,507,11,9,13.4,Not Applicable,Not Applicable,,7/1/2019,6/30/2022
440082,ASCENSION SAINT THOMAS HOSPITAL,"4220 HARDING RD, PO BOX 380",NASHVILLE,TN,37205,DAVIDSON,(615) 222-2111,READM_30_COPD,Rate of readmission for chronic obstructive pulmonary disease (COPD) patients,No Different Than the National Rate,183,19.4,16.1,23.2,Not Applicable,Not Applicable,,7/1/2019,6/30/2022
440082,ASCENSION SAINT THOMAS HOSPITAL,"4220 HARDING RD, PO BOX 380",NASHVILLE,TN,37205,DAVIDSON,(615) 222-2111,READM_30_HF,Heart failure (HF) 30-Day Readmission Rate,No Different Than the National Rate,1245,18.8,17,20.8,Not Applicable,Not Applicable,,7/1/2019,6/30/2022
440082,ASCENSION SAINT THOMAS HOSPITAL,"4220 HARDING RD, PO BOX 380",NASHVILLE,TN,37205,DAVIDSON,(615) 222-2111,READM_30_HIP_KNEE,Rate of readmission after hip/knee replacement,No Different Than the National Rate,371,3.4,2.4,4.7,Not Applicable,Not Applicable,,7/1/2019,6/30/2022
440082,ASCENSION SAINT THOMAS HOSPITAL,"4220 HARDING RD, PO BOX 380",NASHVILLE,TN,37205,DAVIDSON,(615) 222-2111,READM_30_HOSP_WIDE,Rate of readmission after discharge from hospital (hospital-wide),No Different Than the National Rate,6977,14.4,13.7,15,Not Applicable,Not Applicable,,7/1/2021,6/30/2022
440082,ASCENSION SAINT THOMAS HOSPITAL,"4220 HARDING RD, PO BOX 380",NASHVILLE,TN,37205,DAVIDSON,(615) 222-2111,READM_30_PN,Pneumonia (PN) 30-Day Readmission Rate,No Different Than the National Rate,611,16.3,14.2,18.6,Not Applicable,Not Applicable,,7/1/2019,6/30/2022
440111,METRO NASHVILLE GENERAL HOSPITAL,1818 ALBION STREET,NASHVILLE,TN,37208,DAVIDSON,(615) 341-4490,EDAC_30_AMI,Hospital return days for heart attack patients,Number of Cases Too Small,Not Available,Not Available,Not Available,Not Available,Not Available,Not Available,1,7/1/2019,6/30/2022
440111,METRO NASHVILLE GENERAL HOSPITAL,1818 ALBION STREET,NASHVILLE,TN,37208,DAVIDSON,(615) 341-4490,EDAC_30_HF,Hospital return days for heart failure patients,Number of Cases Too Small,Not Available,Not Available,Not Available,Not Available,Not Available,Not Available,1,7/1/2019,6/30/2022
440111,METRO NASHVILLE GENERAL HOSPITAL,1818 ALBION STREET,NASHVILLE,TN,37208,DAVIDSON,(615) 341-4490,EDAC_30_PN,Hospital return days for pneumonia patients,Number of Cases Too Small,Not Available,Not Available,Not Available,Not Available,Not Available,Not Available,1,7/1/2019,6/30/2022
440111,METRO NASHVILLE GENERAL HOSPITAL,1818 ALBION STREET,NASHVILLE,TN,37208,DAVIDSON,(615) 341-4490,OP_32,"Rate of unplanned hospital visits after colonoscopy (per 1,000 colonoscopies)",Number of Cases Too Small,Not Available,Not Available,Not Available,Not Available,Not Applicable,Not Applicable,1,1/1/2019,12/31/2021
440111,METRO NASHVILLE GENERAL HOSPITAL,1818 ALBION STREET,NASHVILLE,TN,37208,DAVIDSON,(615) 341-4490,OP_35_ADM,Rate of inpatient admissions for patients receiving outpatient chemotherapy,Number of Cases Too Small,Not Available,Not Available,Not Available,Not Available,Not Applicable,Not Applicable,1,1/1/2021,12/31/2021
440111,METRO NASHVILLE GENERAL HOSPITAL,1818 ALBION STREET,NASHVILLE,TN,37208,DAVIDSON,(615) 341-4490,OP_35_ED,Rate of emergency department (ED) visits for patients receiving outpatient chemotherapy,Number of Cases Too Small,Not Available,Not Available,Not Available,Not Available,Not Applicable,Not Applicable,1,1/1/2021,12/31/2021
440111,METRO NASHVILLE GENERAL HOSPITAL,1818 ALBION STREET,NASHVILLE,TN,37208,DAVIDSON,(615) 341-4490,OP_36,Ratio of unplanned hospital visits after hospital outpatient surgery,Number of cases too small,Not Available,Not Available,Not Available,Not Available,Not Applicable,Not Applicable,1,1/1/2021,12/31/2021
440111,METRO NASHVILLE GENERAL HOSPITAL,1818 ALBION STREET,NASHVILLE,TN,37208,DAVIDSON,(615) 341-4490,READM_30_AMI,Acute Myocardial Infarction (AMI) 30-Day Readmission Rate,Number of Cases Too Small,Not Available,Not Available,Not Available,Not Available,Not Applicable,Not Applicable,1,7/1/2019,6/30/2022
440111,METRO NASHVILLE GENERAL HOSPITAL,1818 ALBION STREET,NASHVILLE,TN,37208,DAVIDSON,(615) 341-4490,READM_30_CABG,Rate of readmission for CABG,Not Available,Not Available,Not Available,Not Available,Not Available,Not Applicable,Not Applicable,5,7/1/2019,6/30/2022
440111,METRO NASHVILLE GENERAL HOSPITAL,1818 ALBION STREET,NASHVILLE,TN,37208,DAVIDSON,(615) 341-4490,READM_30_COPD,Rate of readmission for chronic obstructive pulmonary disease (COPD) patients,Number of Cases Too Small,Not Available,Not Available,Not Available,Not Available,Not Applicable,Not Applicable,1,7/1/2019,6/30/2022
440111,METRO NASHVILLE GENERAL HOSPITAL,1818 ALBION STREET,NASHVILLE,TN,37208,DAVIDSON,(615) 341-4490,READM_30_HF,Heart failure (HF) 30-Day Readmission Rate,Number of Cases Too Small,Not Available,Not Available,Not Available,Not Available,Not Applicable,Not Applicable,1,7/1/2019,6/30/2022
440111,METRO NASHVILLE GENERAL HOSPITAL,1818 ALBION STREET,NASHVILLE,TN,37208,DAVIDSON,(615) 341-4490,READM_30_HIP_KNEE,Rate of readmission after hip/knee replacement,Not Available,Not Available,Not Available,Not Available,Not Available,Not Applicable,Not Applicable,5,7/1/2019,6/30/2022
440111,METRO NASHVILLE GENERAL HOSPITAL,1818 ALBION STREET,NASHVILLE,TN,37208,DAVIDSON,(615) 341-4490,READM_30_HOSP_WIDE,Rate of readmission after discharge from hospital (hospital-wide),No Different Than the National Rate,32,14.9,13.1,17,Not Applicable,Not Applicable,,7/1/2021,6/30/2022
440111,METRO NASHVILLE GENERAL HOSPITAL,1818 ALBION STREET,NASHVILLE,TN,37208,DAVIDSON,(615) 341-4490,READM_30_PN,Pneumonia (PN) 30-Day Readmission Rate,Number of Cases Too Small,Not Available,Not Available,Not Available,Not Available,Not Applicable,Not Applicable,1,7/1/2019,6/30/2022
440161,TRISTAR CENTENNIAL MEDICAL CENTER,2300 PATTERSON STREET,NASHVILLE,TN,37203,DAVIDSON,(615) 342-1000,EDAC_30_AMI,Hospital return days for heart attack patients,Average Days per 100 Discharges,400,-3.3,-17.8,12.2,389,86,,7/1/2019,6/30/2022
440161,TRISTAR CENTENNIAL MEDICAL CENTER,2300 PATTERSON STREET,NASHVILLE,TN,37203,DAVIDSON,(615) 342-1000,EDAC_30_HF,Hospital return days for heart failure patients,Average Days per 100 Discharges,549,1.1,-16.3,19.2,451,149,,7/1/2019,6/30/2022
440161,TRISTAR CENTENNIAL MEDICAL CENTER,2300 PATTERSON STREET,NASHVILLE,TN,37203,DAVIDSON,(615) 342-1000,EDAC_30_PN,Hospital return days for pneumonia patients,More Days Than Average per 100 Discharges,298,30.4,10.3,53.8,287,92,,7/1/2019,6/30/2022
440161,TRISTAR CENTENNIAL MEDICAL CENTER,2300 PATTERSON STREET,NASHVILLE,TN,37203,DAVIDSON,(615) 342-1000,OP_32,"Rate of unplanned hospital visits after colonoscopy (per 1,000 colonoscopies)",No Different Than the National Rate,2101,12.1,9.2,15.7,Not Applicable,Not Applicable,,1/1/2019,12/31/2021
440161,TRISTAR CENTENNIAL MEDICAL CENTER,2300 PATTERSON STREET,NASHVILLE,TN,37203,DAVIDSON,(615) 342-1000,OP_35_ADM,Rate of inpatient admissions for patients receiving outpatient chemotherapy,No Different Than the National Rate,39,12.4,8.3,18.3,Not Applicable,Not Applicable,,1/1/2021,12/31/2021
440161,TRISTAR CENTENNIAL MEDICAL CENTER,2300 PATTERSON STREET,NASHVILLE,TN,37203,DAVIDSON,(615) 342-1000,OP_35_ED,Rate of emergency department (ED) visits for patients receiving outpatient chemotherapy,No Different Than the National Rate,39,5.1,3.1,8.3,Not Applicable,Not Applicable,,1/1/2021,12/31/2021
440161,TRISTAR CENTENNIAL MEDICAL CENTER,2300 PATTERSON STREET,NASHVILLE,TN,37203,DAVIDSON,(615) 342-1000,OP_36,Ratio of unplanned hospital visits after hospital outpatient surgery,No Different than expected,554,1.1,0.8,1.4,Not Applicable,Not Applicable,,1/1/2021,12/31/2021
440161,TRISTAR CENTENNIAL MEDICAL CENTER,2300 PATTERSON STREET,NASHVILLE,TN,37203,DAVIDSON,(615) 342-1000,READM_30_AMI,Acute Myocardial Infarction (AMI) 30-Day Readmission Rate,No Different Than the National Rate,400,13.3,11.1,15.6,Not Applicable,Not Applicable,,7/1/2019,6/30/2022
440161,TRISTAR CENTENNIAL MEDICAL CENTER,2300 PATTERSON STREET,NASHVILLE,TN,37203,DAVIDSON,(615) 342-1000,READM_30_CABG,Rate of readmission for CABG,No Different Than the National Rate,255,10.1,7.9,12.8,Not Applicable,Not Applicable,,7/1/2019,6/30/2022
440161,TRISTAR CENTENNIAL MEDICAL CENTER,2300 PATTERSON STREET,NASHVILLE,TN,37203,DAVIDSON,(615) 342-1000,READM_30_COPD,Rate of readmission for chronic obstructive pulmonary disease (COPD) patients,No Different Than the National Rate,81,19.9,16,24.1,Not Applicable,Not Applicable,,7/1/2019,6/30/2022
440161,TRISTAR CENTENNIAL MEDICAL CENTER,2300 PATTERSON STREET,NASHVILLE,TN,37203,DAVIDSON,(615) 342-1000,READM_30_HF,Heart failure (HF) 30-Day Readmission Rate,No Different Than the National Rate,549,19.6,17.2,22.3,Not Applicable,Not Applicable,,7/1/2019,6/30/2022
440161,TRISTAR CENTENNIAL MEDICAL CENTER,2300 PATTERSON STREET,NASHVILLE,TN,37203,DAVIDSON,(615) 342-1000,READM_30_HIP_KNEE,Rate of readmission after hip/knee replacement,No Different Than the National Rate,506,3.6,2.6,5,Not Applicable,Not Applicable,,7/1/2019,6/30/2022
440161,TRISTAR CENTENNIAL MEDICAL CENTER,2300 PATTERSON STREET,NASHVILLE,TN,37203,DAVIDSON,(615) 342-1000,READM_30_HOSP_WIDE,Rate of readmission after discharge from hospital (hospital-wide),No Different Than the National Rate,3916,14.9,14.1,15.8,Not Applicable,Not Applicable,,7/1/2021,6/30/2022
440161,TRISTAR CENTENNIAL MEDICAL CENTER,2300 PATTERSON STREET,NASHVILLE,TN,37203,DAVIDSON,(615) 342-1000,READM_30_PN,Pneumonia (PN) 30-Day Readmission Rate,No Different Than the National Rate,298,18.1,15.5,21.1,Not Applicable,Not Applicable,,7/1/2019,6/30/2022
44018F,VA MIDDLE TENNESSEE HEALTHCARE SYSTEM,1310 24TH AVENUE SOUTH,NASHVILLE,TN,37212,DAVIDSON,(615) 327-5332,EDAC_30_AMI,Hospital return days for heart attack patients,More Days Than Average per 100 Discharges,177,21.7,1.7,45.9,170,47,,7/1/2019,6/30/2022
44018F,VA MIDDLE TENNESSEE HEALTHCARE SYSTEM,1310 24TH AVENUE SOUTH,NASHVILLE,TN,37212,DAVIDSON,(615) 327-5332,EDAC_30_HF,Hospital return days for heart failure patients,Average Days per 100 Discharges,696,-10,-25.5,6.6,535,185,,7/1/2019,6/30/2022
44018F,VA MIDDLE TENNESSEE HEALTHCARE SYSTEM,1310 24TH AVENUE SOUTH,NASHVILLE,TN,37212,DAVIDSON,(615) 327-5332,EDAC_30_PN,Hospital return days for pneumonia patients,More Days Than Average per 100 Discharges,247,26.2,1.1,55.3,226,61,,7/1/2019,6/30/2022
44018F,VA MIDDLE TENNESSEE HEALTHCARE SYSTEM,1310 24TH AVENUE SOUTH,NASHVILLE,TN,37212,DAVIDSON,(615) 327-5332,OP_32,"Rate of unplanned hospital visits after colonoscopy (per 1,000 colonoscopies)",Not Available,Not Available,Not Available,Not Available,Not Available,Not Applicable,Not Applicable,5,1/1/2019,12/31/2021
44018F,VA MIDDLE TENNESSEE HEALTHCARE SYSTEM,1310 24TH AVENUE SOUTH,NASHVILLE,TN,37212,DAVIDSON,(615) 327-5332,OP_35_ADM,Rate of inpatient admissions for patients receiving outpatient chemotherapy,Not Available,Not Available,Not Available,Not Available,Not Available,Not Applicable,Not Applicable,5,1/1/2021,12/31/2021
44018F,VA MIDDLE TENNESSEE HEALTHCARE SYSTEM,1310 24TH AVENUE SOUTH,NASHVILLE,TN,37212,DAVIDSON,(615) 327-5332,OP_35_ED,Rate of emergency department (ED) visits for patients receiving outpatient chemotherapy,Not Available,Not Available,Not Available,Not Available,Not Available,Not Applicable,Not Applicable,5,1/1/2021,12/31/2021
44018F,VA MIDDLE TENNESSEE HEALTHCARE SYSTEM,1310 24TH AVENUE SOUTH,NASHVILLE,TN,37212,DAVIDSON,(615) 327-5332,OP_36,Ratio of unplanned hospital visits after hospital outpatient surgery,Not Available,Not Available,Not Available,Not Available,Not Available,Not Applicable,Not Applicable,5,1/1/2021,12/31/2021
44018F,VA MIDDLE TENNESSEE HEALTHCARE SYSTEM,1310 24TH AVENUE SOUTH,NASHVILLE,TN,37212,DAVIDSON,(615) 327-5332,READM_30_AMI,Acute Myocardial Infarction (AMI) 30-Day Readmission Rate,No Different Than the National Rate,177,15.5,12.7,18.9,Not Applicable,Not Applicable,,7/1/2019,6/30/2022
44018F,VA MIDDLE TENNESSEE HEALTHCARE SYSTEM,1310 24TH AVENUE SOUTH,NASHVILLE,TN,37212,DAVIDSON,(615) 327-5332,READM_30_CABG,Rate of readmission for CABG,Not Available,Not Available,Not Available,Not Available,Not Available,Not Applicable,Not Applicable,5,7/1/2019,6/30/2022
44018F,VA MIDDLE TENNESSEE HEALTHCARE SYSTEM,1310 24TH AVENUE SOUTH,NASHVILLE,TN,37212,DAVIDSON,(615) 327-5332,READM_30_COPD,Rate of readmission for chronic obstructive pulmonary disease (COPD) patients,No Different Than the National Rate,227,21.4,18,25.1,Not Applicable,Not Applicable,,7/1/2019,6/30/2022
44018F,VA MIDDLE TENNESSEE HEALTHCARE SYSTEM,1310 24TH AVENUE SOUTH,NASHVILLE,TN,37212,DAVIDSON,(615) 327-5332,READM_30_HF,Heart failure (HF) 30-Day Readmission Rate,No Different Than the National Rate,696,20.5,18.2,22.9,Not Applicable,Not Applicable,,7/1/2019,6/30/2022
44018F,VA MIDDLE TENNESSEE HEALTHCARE SYSTEM,1310 24TH AVENUE SOUTH,NASHVILLE,TN,37212,DAVIDSON,(615) 327-5332,READM_30_HIP_KNEE,Rate of readmission after hip/knee replacement,No Different Than the National Rate,137,4,2.7,5.9,Not Applicable,Not Applicable,,7/1/2019,6/30/2022
44018F,VA MIDDLE TENNESSEE HEALTHCARE SYSTEM,1310 24TH AVENUE SOUTH,NASHVILLE,TN,37212,DAVIDSON,(615) 327-5332,READM_30_HOSP_WIDE,Rate of readmission after discharge from hospital (hospital-wide),Worse Than the National Rate,3240,17.8,15.3,18.7,Not Applicable,Not Applicable,,7/1/2021,6/30/2022
44018F,VA MIDDLE TENNESSEE HEALTHCARE SYSTEM,1310 24TH AVENUE SOUTH,NASHVILLE,TN,37212,DAVIDSON,(615) 327-5332,READM_30_PN,Pneumonia (PN) 30-Day Readmission Rate,No Different Than the National Rate,247,16.7,14.2,19.7,Not Applicable,Not Applicable,,7/1/2019,6/30/2022
440197,TRISTAR SOUTHERN HILLS MEDICAL CENTER,391 WALLACE RD,NASHVILLE,TN,37211,DAVIDSON,(615) 781-4000,EDAC_30_AMI,Hospital return days for heart attack patients,Number of Cases Too Small,Not Available,Not Available,Not Available,Not Available,Not Available,Not Available,1,7/1/2019,6/30/2022
440197,TRISTAR SOUTHERN HILLS MEDICAL CENTER,391 WALLACE RD,NASHVILLE,TN,37211,DAVIDSON,(615) 781-4000,EDAC_30_HF,Hospital return days for heart failure patients,Average Days per 100 Discharges,107,20.8,-10.8,55.1,95,35,,7/1/2019,6/30/2022
440197,TRISTAR SOUTHERN HILLS MEDICAL CENTER,391 WALLACE RD,NASHVILLE,TN,37211,DAVIDSON,(615) 781-4000,EDAC_30_PN,Hospital return days for pneumonia patients,Fewer Days Than Average per 100 Discharges,83,-23.5,-41.1,-1.1,78,21,,7/1/2019,6/30/2022
440197,TRISTAR SOUTHERN HILLS MEDICAL CENTER,391 WALLACE RD,NASHVILLE,TN,37211,DAVIDSON,(615) 781-4000,OP_32,"Rate of unplanned hospital visits after colonoscopy (per 1,000 colonoscopies)",No Different Than the National Rate,491,13.5,9.6,18.8,Not Applicable,Not Applicable,,1/1/2019,12/31/2021
440197,TRISTAR SOUTHERN HILLS MEDICAL CENTER,391 WALLACE RD,NASHVILLE,TN,37211,DAVIDSON,(615) 781-4000,OP_35_ADM,Rate of inpatient admissions for patients receiving outpatient chemotherapy,Number of Cases Too Small,Not Available,Not Available,Not Available,Not Available,Not Applicable,Not Applicable,1,1/1/2021,12/31/2021
440197,TRISTAR SOUTHERN HILLS MEDICAL CENTER,391 WALLACE RD,NASHVILLE,TN,37211,DAVIDSON,(615) 781-4000,OP_35_ED,Rate of emergency department (ED) visits for patients receiving outpatient chemotherapy,Number of Cases Too Small,Not Available,Not Available,Not Available,Not Available,Not Applicable,Not Applicable,1,1/1/2021,12/31/2021
440197,TRISTAR SOUTHERN HILLS MEDICAL CENTER,391 WALLACE RD,NASHVILLE,TN,37211,DAVIDSON,(615) 781-4000,OP_36,Ratio of unplanned hospital visits after hospital outpatient surgery,No Different than expected,99,1.3,0.9,1.8,Not Applicable,Not Applicable,,1/1/2021,12/31/2021
440197,TRISTAR SOUTHERN HILLS MEDICAL CENTER,391 WALLACE RD,NASHVILLE,TN,37211,DAVIDSON,(615) 781-4000,READM_30_AMI,Acute Myocardial Infarction (AMI) 30-Day Readmission Rate,Number of Cases Too Small,Not Available,Not Available,Not Available,Not Available,Not Applicable,Not Applicable,1,7/1/2019,6/30/2022
440197,TRISTAR SOUTHERN HILLS MEDICAL CENTER,391 WALLACE RD,NASHVILLE,TN,37211,DAVIDSON,(615) 781-4000,READM_30_CABG,Rate of readmission for CABG,Not Available,Not Available,Not Available,Not Available,Not Available,Not Applicable,Not Applicable,5,7/1/2019,6/30/2022
440197,TRISTAR SOUTHERN HILLS MEDICAL CENTER,391 WALLACE RD,NASHVILLE,TN,37211,DAVIDSON,(615) 781-4000,READM_30_COPD,Rate of readmission for chronic obstructive pulmonary disease (COPD) patients,Number of Cases Too Small,Not Available,Not Available,Not Available,Not Available,Not Applicable,Not Applicable,1,7/1/2019,6/30/2022
440197,TRISTAR SOUTHERN HILLS MEDICAL CENTER,391 WALLACE RD,NASHVILLE,TN,37211,DAVIDSON,(615) 781-4000,READM_30_HF,Heart failure (HF) 30-Day Readmission Rate,No Different Than the National Rate,107,21.1,17.6,25.1,Not Applicable,Not Applicable,,7/1/2019,6/30/2022
440197,TRISTAR SOUTHERN HILLS MEDICAL CENTER,391 WALLACE RD,NASHVILLE,TN,37211,DAVIDSON,(615) 781-4000,READM_30_HIP_KNEE,Rate of readmission after hip/knee replacement,Number of Cases Too Small,Not Available,Not Available,Not Available,Not Available,Not Applicable,Not Applicable,1,7/1/2019,6/30/2022
440197,TRISTAR SOUTHERN HILLS MEDICAL CENTER,391 WALLACE RD,NASHVILLE,TN,37211,DAVIDSON,(615) 781-4000,READM_30_HOSP_WIDE,Rate of readmission after discharge from hospital (hospital-wide),No Different Than the National Rate,611,14.8,13.4,16.3,Not Applicable,Not Applicable,,7/1/2021,6/30/2022
440197,TRISTAR SOUTHERN HILLS MEDICAL CENTER,391 WALLACE RD,NASHVILLE,TN,37211,DAVIDSON,(615) 781-4000,READM_30_PN,Pneumonia (PN) 30-Day Readmission Rate,No Different Than the National Rate,83,16.6,13.5,20.3,Not Applicable,Not Applicable,,7/1/2019,6/30/2022
440218,SAINT THOMAS HOSPITAL FOR SPINAL SURGERY,2011 MURPHY AVENUE,NASHVILLE,TN,37203,DAVIDSON,(615) 515-8200,EDAC_30_AMI,Hospital return days for heart attack patients,Not Available,Not Available,Not Available,Not Available,Not Available,Not Available,Not Available,5,7/1/2019,6/30/2022
440218,SAINT THOMAS HOSPITAL FOR SPINAL SURGERY,2011 MURPHY AVENUE,NASHVILLE,TN,37203,DAVIDSON,(615) 515-8200,EDAC_30_HF,Hospital return days for heart failure patients,Not Available,Not Available,Not Available,Not Available,Not Available,Not Available,Not Available,5,7/1/2019,6/30/2022
440218,SAINT THOMAS HOSPITAL FOR SPINAL SURGERY,2011 MURPHY AVENUE,NASHVILLE,TN,37203,DAVIDSON,(615) 515-8200,EDAC_30_PN,Hospital return days for pneumonia patients,Not Available,Not Available,Not Available,Not Available,Not Available,Not Available,Not Available,5,7/1/2019,6/30/2022
440218,SAINT THOMAS HOSPITAL FOR SPINAL SURGERY,2011 MURPHY AVENUE,NASHVILLE,TN,37203,DAVIDSON,(615) 515-8200,OP_32,"Rate of unplanned hospital visits after colonoscopy (per 1,000 colonoscopies)",Not Available,Not Available,Not Available,Not Available,Not Available,Not Applicable,Not Applicable,5,1/1/2019,12/31/2021
440218,SAINT THOMAS HOSPITAL FOR SPINAL SURGERY,2011 MURPHY AVENUE,NASHVILLE,TN,37203,DAVIDSON,(615) 515-8200,OP_35_ADM,Rate of inpatient admissions for patients receiving outpatient chemotherapy,Not Available,Not Available,Not Available,Not Available,Not Available,Not Applicable,Not Applicable,5,1/1/2021,12/31/2021
440218,SAINT THOMAS HOSPITAL FOR SPINAL SURGERY,2011 MURPHY AVENUE,NASHVILLE,TN,37203,DAVIDSON,(615) 515-8200,OP_35_ED,Rate of emergency department (ED) visits for patients receiving outpatient chemotherapy,Not Available,Not Available,Not Available,Not Available,Not Available,Not Applicable,Not Applicable,5,1/1/2021,12/31/2021
440218,SAINT THOMAS HOSPITAL FOR SPINAL SURGERY,2011 MURPHY AVENUE,NASHVILLE,TN,37203,DAVIDSON,(615) 515-8200,OP_36,Ratio of unplanned hospital visits after hospital outpatient surgery,No Different than expected,325,1.1,0.8,1.4,Not Applicable,Not Applicable,,1/1/2021,12/31/2021
440218,SAINT THOMAS HOSPITAL FOR SPINAL SURGERY,2011 MURPHY AVENUE,NASHVILLE,TN,37203,DAVIDSON,(615) 515-8200,READM_30_AMI,Acute Myocardial Infarction (AMI) 30-Day Readmission Rate,Not Available,Not Available,Not Available,Not Available,Not Available,Not Applicable,Not Applicable,5,7/1/2019,6/30/2022
440218,SAINT THOMAS HOSPITAL FOR SPINAL SURGERY,2011 MURPHY AVENUE,NASHVILLE,TN,37203,DAVIDSON,(615) 515-8200,READM_30_CABG,Rate of readmission for CABG,Not Available,Not Available,Not Available,Not Available,Not Available,Not Applicable,Not Applicable,5,7/1/2019,6/30/2022
440218,SAINT THOMAS HOSPITAL FOR SPINAL SURGERY,2011 MURPHY AVENUE,NASHVILLE,TN,37203,DAVIDSON,(615) 515-8200,READM_30_COPD,Rate of readmission for chronic obstructive pulmonary disease (COPD) patients,Not Available,Not Available,Not Available,Not Available,Not Available,Not Applicable,Not Applicable,5,7/1/2019,6/30/2022
440218,SAINT THOMAS HOSPITAL FOR SPINAL SURGERY,2011 MURPHY AVENUE,NASHVILLE,TN,37203,DAVIDSON,(615) 515-8200,READM_30_HF,Heart failure (HF) 30-Day Readmission Rate,Not Available,Not Available,Not Available,Not Available,Not Available,Not Applicable,Not Applicable,5,7/1/2019,6/30/2022
440218,SAINT THOMAS HOSPITAL FOR SPINAL SURGERY,2011 MURPHY AVENUE,NASHVILLE,TN,37203,DAVIDSON,(615) 515-8200,READM_30_HIP_KNEE,Rate of readmission after hip/knee replacement,No Different Than the National Rate,82,4.1,2.6,6.4,Not Applicable,Not Applicable,,7/1/2019,6/30/2022
440218,SAINT THOMAS HOSPITAL FOR SPINAL SURGERY,2011 MURPHY AVENUE,NASHVILLE,TN,37203,DAVIDSON,(615) 515-8200,READM_30_HOSP_WIDE,Rate of readmission after discharge from hospital (hospital-wide),No Different Than the National Rate,394,14.5,12.3,17.2,Not Applicable,Not Applicable,,7/1/2021,6/30/2022
440218,SAINT THOMAS HOSPITAL FOR SPINAL SURGERY,2011 MURPHY AVENUE,NASHVILLE,TN,37203,DAVIDSON,(615) 515-8200,READM_30_PN,Pneumonia (PN) 30-Day Readmission Rate,Not Available,Not Available,Not Available,Not Available,Not Available,Not Applicable,Not Applicable,5,7/1/2019,6/30/2022
